{
    "OFNS_DESC_FREQ": {
        "PETIT LARCENY": 0.18090669115115346,
        "HARRASSMENT 2": 0.14817399288419603,
        "ASSAULT 3 & RELATED OFFENSES": 0.10559623551015723,
        "GRAND LARCENY": 0.08126707219097899,
        "CRIMINAL MISCHIEF & RELATED OF": 0.06272466429473202,
        "FELONY ASSAULT": 0.051210834385401124,
        "VEHICLE AND TRAFFIC LAWS": 0.04284861700906691,
        "MISCELLANEOUS PENAL LAW": 0.034869734878916564,
        "DANGEROUS DRUGS": 0.03277860667967405,
        "OFF. AGNST PUB ORD SENSBLTY &": 0.03129806036956272,
        "OTHER OFFENSES RELATED TO THEFT": 0.029512223114885803,
        "ROBBERY": 0.02607597842304602,
        "GRAND LARCENY OF MOTOR VEHICLE": 0.02373694479513371,
        "BURGLARY": 0.02163433949271204,
        "SEX CRIMES": 0.01738092505451624,
        "OFFENSES AGAINST PUBLIC ADMINI": 0.016786411109835878,
        "DANGEROUS WEAPONS": 0.016189601744519683,
        "FORGERY": 0.011321014575921037,
        "ADMINISTRATIVE CODE": 0.008132675312751062,
        "OTHER STATE LAWS": 0.007457821645816596,
        "CRIMINAL TRESPASS": 0.0070010329392861245,
        "INTOXICATED & IMPAIRED DRIVING": 0.006266498335820039,
        "THEFT-FRAUD": 0.005401124756111557,
        "FRAUDS": 0.005146333065534259,
        "OFFENSES INVOLVING FRAUD": 0.0038677837713761046,
        "POSSESSION OF STOLEN PROPERTY": 0.003828761620566969,
        "RAPE": 0.0034591988981980946,
        "OFFENSES AGAINST THE PERSON": 0.003098817858372547,
        "UNAUTHORIZED USE OF A VEHICLE": 0.0023252611040973257,
        "PETIT LARCENY OF MOTOR VEHICLE": 0.0017468151038677838,
        "OTHER STATE LAWS (NON PENAL LAW)": 0.0012877309767014805,
        "PROSTITUTION & RELATED OFFENSES": 0.0012578905084356707,
        "BURGLAR'S TOOLS": 0.0009112819924251119,
        "GAMBLING": 0.0007965109606335361,
        "ARSON": 0.000782738436818547,
        "MURDER & NON-NEGL. MANSLAUGHTER": 0.0005509009525995639,
        "CANNABIS RELATED OFFENSES": 0.00047744749225295534,
        "OFFENSES AGAINST PUBLIC SAFETY": 0.0003764489842763686,
        "KIDNAPPING & RELATED OFFENSES": 0.000284632158843108,
        "DISORDERLY CONDUCT": 0.0002685642143922874,
        "ALCOHOLIC BEVERAGE CONTROL LAW": 0.0001974061746815104,
        "CHILD ABANDONMENT/NON SUPPORT 1": 0.0001859290715023528,
        "FRAUDULENT ACCOSTING": 0.00017445196832319523,
        "ESCAPE 3": 0.00011706645242740733,
        "ANTICIPATORY OFFENSES": 6.886261907494549e-05,
        "JOSTLING": 4.590841271663032e-05,
        "OFFENSES RELATED TO CHILDREN": 2.984046826580971e-05,
        "HOMICIDE-NEGLIGENT,UNCLASSIFIE": 2.984046826580971e-05,
        "UNLAWFUL POSS. WEAP. ON SCHOOL": 2.7545047629978193e-05,
        "NEW YORK CITY HEALTH CODE": 1.836336508665213e-05,
        "(null)": 1.836336508665213e-05,
        "INTOXICATED/IMPAIRED DRIVING": 1.3772523814989097e-05,
        "LOITERING/GAMBLING (CARDS, DIC": 1.3772523814989097e-05,
        "LOITERING": 6.886261907494548e-06,
        "DISRUPTION OF A RELIGIOUS SERV": 4.5908412716630325e-06,
        "HOMICIDE-NEGLIGENT-VEHICLE": 4.5908412716630325e-06,
        "FORTUNE TELLING": 4.5908412716630325e-06
    },
    "PREM_TYP_DESC_FREQ": {
        "STREET": 0.3053850568116607,
        "RESIDENCE - APT. HOUSE": 0.21693561345116494,
        "RESIDENCE-HOUSE": 0.08997589808332376,
        "RESIDENCE - PUBLIC HOUSING": 0.061517273040284634,
        "TRANSIT - NYC SUBWAY": 0.0583174566739355,
        "CHAIN STORE": 0.05049236772638586,
        "DEPARTMENT STORE": 0.02041088029381384,
        "OTHER": 0.018822449213818433,
        "COMMERCIAL BUILDING": 0.018145300126248137,
        "HOMELESS SHELTER": 0.015461953402961092,
        "GROCERY/BODEGA": 0.014160449902444623,
        "DRUG STORE": 0.013306553425915298,
        "PARK/PLAYGROUND": 0.009571904051417422,
        "CLOTHING/BOUTIQUE": 0.008736370939974751,
        "RESTAURANT/DINER": 0.007737862963388041,
        "BAR/NIGHT CLUB": 0.006955124526569494,
        "FAST FOOD": 0.005100424652817629,
        "PUBLIC SCHOOL": 0.004746929874899575,
        "HOSPITAL": 0.004115689200045908,
        "FOOD SUPERMARKET": 0.003950418914266039,
        "TRANSIT FACILITY (OTHER)": 0.0038677837713761046,
        "HOTEL/MOTEL": 0.003534947779180535,
        "PARKING LOT/GARAGE (PUBLIC)": 0.0035028118902788938,
        "PUBLIC BUILDING": 0.003420176747388959,
        "(null)": 0.0030575002869275797,
        "PARKING LOT/GARAGE (PRIVATE)": 0.0029863422472168025,
        "BUS (NYC TRANSIT)": 0.0028715712154252265,
        "BANK": 0.0028256628027085963,
        "HIGHWAY/PARKWAY": 0.002811890278893607,
        "AIRPORT TERMINAL": 0.0027659818661769768,
        "GYM/FITNESS FACILITY": 0.0022036038103982556,
        "BEAUTY & NAIL SALON": 0.0021622862389532884,
        "GAS STATION": 0.0020429243658900494,
        "SMALL MERCHANT": 0.002001606794445082,
        "STORE UNCLASSIFIED": 0.0019097899690118214,
        "DOCTOR/DENTIST OFFICE": 0.001551704349822105,
        "DRY CLEANER/LAUNDRY": 0.0015379318260071158,
        "MAILBOX OUTSIDE": 0.0014874325720188224,
        "CONSTRUCTION SITE": 0.0013474119132331,
        "COLLEGE/UNIVERSITY": 0.001218868357626535,
        "BUS STOP": 0.0011706645242740732,
        "CHURCH": 0.001071961436933318,
        "CANDY STORE": 0.0009571904051417422,
        "LIQUOR STORE": 0.0009388270400550901,
        "OPEN AREAS (OPEN LOTS)": 0.0009158728336967749,
        "STORAGE FACILITY": 0.0008470102146218295,
        "BRIDGE": 0.000773556754275221,
        "PRIVATE/PAROCHIAL SCHOOL": 0.000702398714564444,
        "BUS TERMINAL": 0.0007001032939286124,
        "VARIETY STORE": 0.0006840353494777918,
        "CHECK CASHING BUSINESS": 0.0006381269367611615,
        "TELECOMM. STORE": 0.0005623780557787215,
        "BUS (OTHER)": 0.0005325375875129117,
        "JEWELRY": 0.0004728566509812923,
        "MAILBOX INSIDE": 0.00043153907953632505,
        "FACTORY/WAREHOUSE": 0.000426948238264662,
        "SOCIAL CLUB/POLICY": 0.00041776655572133594,
        "TAXI (LIVERY LICENSED)": 0.00040858487317800985,
        "SMOKE SHOP": 0.00040858487317800985,
        "ATM": 0.0003833352461838632,
        "DAYCARE FACILITY": 0.0003466085160105589,
        "TAXI (YELLOW LICENSED)": 0.0003259497302880753,
        "SYNAGOGUE": 0.00031906346838058076,
        "SHOE": 0.00029151842075060254,
        "MARINA/PIER": 0.000289223000114771,
        "FERRY/FERRY TERMINAL": 0.0002639733731206244,
        "MOBILE FOOD": 0.0002593825318489613,
        "TUNNEL": 0.00023872374612647767,
        "ABANDONED BUILDING": 0.00020888327786066797,
        "BOOK/CARD": 0.0001836336508665213,
        "MOSQUE": 0.00018133823023068978,
        "REAL ESTATE": 0.000142316079421554,
        "MULTI DWELL - APT BUILD": 0.0001124756111557443,
        "OTHER HOUSE OF WORSHIP": 6.886261907494549e-05,
        "TRAMWAY": 6.427177780328246e-05,
        "TAXI/LIVERY (UNLICENSED)": 5.968093653161942e-05,
        "VIDEO STORE": 5.968093653161942e-05,
        "CEMETERY": 5.5090095259956386e-05,
        "PHOTO/COPY": 5.279467462412487e-05,
        "MULTI DWELL - PUBLIC HOUS": 5.0499253988293354e-05,
        "LOAN COMPANY": 1.3772523814989097e-05,
        "PVT HOUSE": 1.147710317915758e-05,
        "PHOTO/COPY STORE": 2.2954206358315162e-06
    },
    "AGE_GROUP": {
        "<18": 0,
        "18-24": 1,
        "25-44": 2,
        "45-64": 3,
        "65+": 4,
        "UNKNOWN": -1,
        "UNDER 18": 0
    },
    "OHE_COLUMNS": [
        "IS_WEEKEND",
        "LAW_CAT_VIO_FELONY",
        "LAW_CAT_VIO_MISDEMEANOR",
        "LAW_CAT_VIO_VIOLATION",
        "CRM_ATPT_CPTD_CD_ATTEMPTED",
        "CRM_ATPT_CPTD_CD_COMPLETED",
        "TIME_OF_DAY_AFTERNOON",
        "TIME_OF_DAY_EVENING",
        "TIME_OF_DAY_MORNING",
        "TIME_OF_DAY_NIGHT"
    ]
}